image_id,label,mean_intensity,std_deviation,file_size_kb
img_0000,stego,120.53787058630272,45.422781716835146,21.53536804428354
img_0002,stego,93.05454691843241,41.02212626586886,26.645808755750327
img_0003,clean,159.85264512197176,42.863283598467156,27.708572532014717
img_0004,stego,135.2682991393105,32.4685977755272,25.225778216587194
img_0005,clean,120.72293901818873,42.97906635328377,27.90719692529182
img_0006,stego,137.24305157165873,43.16210434809187,26.727117177557865
img_0007,clean,111.23908312503842,47.790911810958804,25.141793160898636
img_0008,clean,123.28069234810624,47.78844791187441,28.699702889354434
img_0009,clean,122.43730838147182,42.14737725826219,24.550918282135953
img_0010,stego,125.05853299711603,47.80451572688931,25.391621660890358
img_0011,stego,103.75729607977696,45.7070322991241,27.017941090184625
img_0012,stego,121.38033924238573,40.96266485639454,23.23003204459373
img_0013,stego,114.18603414038164,45.29054662470119,24.865580480489857
img_0014,clean,112.06509699343147,43.99458974784787,25.055431547531064
img_0015,stego,105.42388646702356,47.33786188638538,24.35894880413972
img_0016,clean,114.29977100244149,48.43251480756642,23.29435040960542
img_0017,stego,112.47721694563083,47.63289404349205,26.5927912336114
img_0018,stego,126.44970998673821,49.094783391071836,27.578035678741127
img_0019,clean,108.87779324857883,44.40133057946316,23.914039830269694
img_0020,clean,129.4588149819452,48.06862359823843,22.933273856801634
img_0021,stego,118.75565163117092,47.982648142261894,24.144066869359715
img_0022,clean,140.55614950930394,46.28412731714377,26.828758158629675
img_0023,stego,118.8204219138861,46.16393017681401,25.263848243504185
img_0024,clean,131.68310264465455,41.79572748135123,25.935641125596945
img_0025,stego,121.35248533274886,37.91638629799532,25.163740485725935
img_0026,stego,131.16172705848825,49.38225106792294,26.64929411155515
img_0027,clean,131.26048162563518,35.59812665726897,26.58071253231367
img_0028,clean,137.45193092616677,48.478723062481826,22.559216286897055
img_0029,stego,137.4478953699978,47.57462906179307,24.800321614038175
img_0030,stego,153.45285953096092,45.374405776414676,26.356155530674588
img_0031,stego,109.17362268443301,46.19870119581007,25.63172472715366
img_0032,stego,135.27236507118693,48.454482621553986,21.88256816199919
img_0033,stego,142.19524503066293,30.12253642742518,26.5391794774748
img_0034,clean,85.88589863387222,47.95236338230893,25.95591967167617
img_0035,clean,110.64814847914938,41.610423507593836,24.159157703609164
img_0036,stego,142.63155835466608,50.774237438191626,23.98327922733811
img_0037,stego,128.0450954373235,42.514017137586166,23.339637111202
img_0038,stego,113.18956894813977,42.95702645075266,26.330111164219545
img_0039,clean,120.45160632648592,46.99335028084296,24.60999298774767
img_0040,clean,128.80592294087563,43.84092334684738,25.438620533918247
img_0041,stego,104.10139190880126,51.92493713275362,23.744671842787167
img_0042,clean,139.37192042914714,41.564015879174164,24.174245479050477
img_0043,stego,109.59296113440908,41.32759371377605,22.60191260429415
img_0044,stego,117.07566192568483,47.047549578105674,24.363484351780578
img_0045,clean,116.66892980240664,56.055751966455205,26.35999333373249
img_0046,stego,111.49089624446542,44.209331184495525,25.955254901740386
img_0047,clean,119.10359429903772,56.50966953762611,28.810820225685752
img_0048,clean,122.24390047248018,45.7716261898685,23.771893180557655
img_0049,stego,113.4024895443868,45.71233909504613,22.1392885960496
img_0050,stego,118.23612516764989,47.00428843744077,22.443067917979945
img_0051,clean,103.37129941427045,51.80068175865787,25.959214146516544
img_0052,stego,118.10151027299112,50.966729060493705,25.91428166289853
img_0053,clean,118.50614254421652,39.373806042226526,22.541056099199036
img_0054,clean,119.24038589990113,50.112599116738274,22.687581493319705
img_0055,stego,116.62485945001688,42.92168640487406,23.036005652541423
img_0056,stego,128.37381295226436,52.85504333747478,24.353688154573558
img_0057,stego,142.14911612648996,44.19689480943629,22.717602092757684
img_0058,stego,113.74968893342574,44.76610540067831,26.290021988175454
img_0059,clean,119.44468126213081,53.78355026161547,26.462886180928617
img_0060,clean,107.34229590915271,53.11262998448858,22.540130405076308
img_0061,stego,133.8591883347924,44.05675178697389,25.206447777829094
img_0062,stego,132.5121608829683,41.47888946372763,25.299288874480524
img_0063,clean,104.37796303343895,50.02035784141868,26.848710974739927
img_0064,stego,103.17864384799914,47.58344782149652,23.925176437252876
img_0065,clean,109.7494643330177,51.311723701941084,24.897211834391477
img_0066,stego,139.16735217508142,41.49797445102009,27.72510122100302
img_0067,stego,94.9829197165384,50.38129144158792,27.19376786068284
img_0068,stego,122.93250769058656,50.72353622293144,25.34277480120826
img_0069,clean,131.1339387145505,47.978473820063236,26.062017026438472
img_0070,clean,123.12833775750077,41.68943804785688,20.64462049683141
img_0071,clean,133.1856169973871,41.73917212583962,28.259423671078295
img_0072,clean,105.39745368546043,42.30278337671467,28.107530003802275
img_0073,clean,134.53715337124441,40.89446543643752,25.98488636471658
img_0074,clean,141.34726310243767,46.67778293017702,24.99501150757342
img_0075,stego,125.5771049453191,40.481963800353896,27.65163721682608
img_0076,clean,132.05962902456085,38.78124803096988,26.344990039341017
img_0077,stego,118.92892989212186,43.75764795553085,26.581125927970085
img_0078,clean,140.28367219498162,50.45684027218844,23.749413838871803
img_0079,stego,105.710498102022,46.1180127024554,27.438175234757278
img_0080,stego,113.01483964904634,29.4505734519403,25.004487096706058
img_0081,clean,136.80739699492025,38.845661570686744,25.0160640524959
img_0082,clean,137.54716861853595,43.39875206567846,23.297144306452868
img_0083,clean,120.80861543458782,51.81347992490855,26.799683732221023
img_0084,stego,116.06541243242961,42.815309296507216,26.167966901296797
img_0085,stego,149.66898581984344,44.48458614278455,25.688067045179846
img_0086,clean,129.21197724056648,37.38449395486828,25.66953137933843
img_0087,stego,133.5915606956932,51.5627237850968,26.168904591113176
img_0088,clean,124.66326465142514,50.087451430538366,20.821817223567958
img_0089,stego,120.14800715294461,44.158436091060565,25.916441784889432
img_0090,clean,134.58558850745464,45.212671093905165,25.324351906618148
img_0091,clean,126.29976308907908,49.349357395729506,24.8437268060942
img_0092,clean,107.4302567408173,44.34271831109182,25.45695051126241
img_0093,clean,120.12770204521894,43.8991887838947,26.053660984754842
img_0094,stego,82.47185742257189,42.37866469661101,25.506640530446454
img_0095,clean,106.40151941109958,39.094735580594055,20.45426232691373
img_0096,stego,102.0374146677934,47.473444363440876,24.702464292080084
img_0097,clean,123.6882982724266,47.642680968451174,26.03579899700139
img_0098,clean,103.56591223332028,38.250611627675426,23.009457953861602
img_0099,stego,114.45449503155699,43.43535188786386,25.87534129463704
img_0100,stego,147.03876961247647,50.54430816942499,25.891796517264744
img_0101,stego,90.38459635969105,38.847602750910205,24.020685463150635
img_0102,clean,110.2621216512273,52.33076198660733,24.253632578498557
img_0103,stego,101.81550775300116,44.41186146792622,23.78704702002949
img_0104,stego,112.25508569966279,35.21953399584898,27.11505942607616
img_0105,clean,127.9220954971898,41.16008769527224,27.459732426424832
img_0106,stego,115.47610560133401,40.09946925925101,20.78367307365294
img_0107,clean,138.98949383863666,52.530889805558076,22.856183286331685
img_0108,stego,132.61686949677036,47.7204053527387,27.219516619469957
img_0109,clean,142.63953752475743,43.93952654395893,22.8338177256257
img_0110,stego,134.22233057493503,56.89320537847433,24.894824960658706
img_0111,clean,112.82845528744951,45.848096444100634,25.979625061496748
img_0112,stego,128.6212689889282,47.152437657923215,24.679875208259933
img_0113,clean,118.55840348401351,41.75281198404596,25.760437472198404
img_0114,clean,111.49184567807532,43.425215288840036,24.19475647945452
img_0115,stego,122.8705062077569,50.70210571040079,25.971820553494062
img_0116,stego,129.44227451861272,49.31458554507578,26.100242012640845
img_0117,clean,146.66832737723513,40.806476520945296,25.793700872579844
img_0118,stego,115.6740823971396,52.47164815591623,27.69938365522644
img_0119,clean,97.63081231441757,48.18832507380068,25.292735931976523
img_0120,clean,134.4124777187601,42.73507167186774,24.497221043330143
img_0121,stego,128.83875415363946,51.18264324841138,19.99524114149394
img_0122,clean,144.09682813113372,43.04422769419302,24.920789365499086
img_0123,clean,120.96694708670101,41.49868138754574,22.850806992897713
img_0124,clean,125.31170255321125,52.36740540353591,26.076848585966584
img_0125,stego,143.86213025109828,43.39229777172168,27.12942041496384
img_0126,clean,95.37917463077063,43.5808756512151,22.95163478140114
img_0127,stego,116.53666981257979,40.950662196418264,25.898284391968193
img_0128,clean,115.46126331158781,48.034716101404015,24.544397553695696
img_0129,stego,121.57669584323767,44.18175227054425,26.444488094647877
img_0130,clean,143.23724628741925,34.003372990496594,24.339577786076298
img_0131,clean,113.4094233983038,51.85660242006263,27.936547857022465
img_0132,stego,126.94137147309887,49.77025521479309,24.91251301544912
img_0133,stego,103.62153792486279,36.40577263795211,25.172435311943712
img_0134,stego,120.19511680180965,50.057475102400524,29.35773663998627
img_0135,stego,106.43762191989956,49.38665663001745,25.628874935077757
img_0136,clean,106.82656867295483,55.24666080821021,27.135958393644422
img_0137,clean,128.3307571350222,48.95771950178298,25.1817291115088
img_0138,stego,139.69261379757583,48.34731318966392,22.93067477400346
img_0139,clean,144.78128977906465,46.188491774028655,25.587796987720903
img_0140,clean,122.5106771280202,51.68624623112971,23.870029213771616
img_0141,stego,95.83903754843455,43.05833533095289,27.114345642497177
img_0142,clean,100.33037581130712,40.311476449046246,23.699655539056295
img_0143,stego,125.00042562155706,35.151776815944494,24.639052916120928
img_0144,clean,154.20656443339203,39.45466586141841,27.30472117580073
img_0145,clean,116.57179830415899,47.9254401494999,27.486017180507798
img_0146,stego,121.21839863964759,50.32410927235146,29.718344197045184
img_0147,stego,118.81597514011851,45.0398771214957,25.190434787763603
img_0148,clean,120.23601608358018,42.074521974697355,26.867022224936793
img_0149,stego,111.98837351533058,37.84164363156262,25.493903931096995
img_0150,clean,115.65994768920046,44.48267030123,23.90527558625637
img_0151,clean,119.95282112522555,36.49697298432763,22.96111923874131
img_0152,stego,97.55995563398795,43.48529565577325,23.02692656283131
img_0153,clean,118.18574511154377,44.25187364181593,25.690393543250277
img_0154,stego,139.93972109172358,43.09035479901225,26.294873023634292
img_0155,stego,128.83528550020102,43.595037402045456,25.604982554679598
img_0156,clean,119.8662707318215,43.359832787499656,24.58949175905598
img_0157,clean,123.61865407361586,42.42574654280468,28.111231947114266
img_0158,clean,127.99536433977386,48.25548918374223,22.623504696719447
img_0159,clean,101.70580006246365,41.58769600071607,23.77162543776874
img_0160,stego,140.25127970052833,41.00703552167454,24.242025718023406
img_0161,clean,139.85692907617585,47.88433236242393,24.028308453535434
img_0162,clean,112.30893588892866,45.67942527318237,26.283338757366575
img_0163,stego,109.78302285671973,45.22859856851582,21.33722802450668
img_0164,stego,111.33511035221709,40.22714026949136,27.592620905866823
img_0165,clean,135.224135143185,44.8858785494714,24.554384700916014
img_0166,stego,117.97476313495076,50.4760403938399,25.52615778350395
img_0167,clean,129.44469688490918,41.17999997895075,28.246322562270596
img_0168,stego,104.13257919516042,44.237544888713714,24.165475865101694
img_0169,stego,128.3519578331019,39.11413913870397,21.89259390356839
img_0170,stego,127.04907331929725,46.871211457915955,27.371372370944073
img_0171,clean,144.83665007780496,45.00006954692225,26.847407572983286
img_0172,clean,138.39824749356316,41.887411200240436,23.035831064468375
img_0173,stego,103.36535662325313,47.74226348745094,24.53670059649646
img_0174,stego,102.5676435466511,51.614422933108834,26.352650562522584
img_0175,stego,135.6498304978031,59.97284818344438,24.074756291521542
img_0176,stego,102.42844065491235,39.9788991262661,26.21287036423452
img_0177,clean,92.21649592991993,47.15452848558421,27.2854173590115
img_0178,clean,132.16103625101925,39.01550455826144,25.79793682350224
img_0179,clean,150.41288920566964,44.87878954796362,22.17552500856358
img_0180,stego,138.43670037220372,44.427556139740496,25.193987129000945
img_0181,clean,138.53406499711645,52.57990489118878,22.247463176244448
img_0182,stego,114.4923596078442,42.51786135179338,24.151005260721483
img_0183,clean,126.90754385342372,40.666618226190856,30.035340858775186
img_0184,stego,112.74936576997494,48.43018920651456,23.119251914382634
img_0185,stego,116.89040721757348,42.04699900123063,25.90482732630088
img_0186,stego,100.1851797101282,38.03725160905442,22.722871760364313
img_0187,clean,96.45992071451019,47.64837993730934,26.730315245767226
img_0188,clean,115.09296967869972,45.599462376276584,24.726279106583036
img_0189,stego,109.98115481489378,46.12504202003713,23.966511226437603
img_0190,stego,131.3315576748701,44.45662359587306,27.319185091474566
img_0191,clean,113.3483865284565,41.61964519380026,25.61846212606941
img_0192,clean,128.0460330212357,47.63624503588612,27.153056667131843
img_0193,clean,108.17591009671693,39.378062873190764,26.818221283935454
img_0194,stego,132.83000734718746,34.62244364906202,26.113764199535773
img_0195,stego,121.6843830553566,44.40479359448791,25.01453955009448
img_0196,stego,100.58520528206992,46.881339750668204,24.26562628125993
img_0197,stego,116.06325665665396,49.19283601095011,25.534652100181347
img_0198,stego,124.90366182590273,45.58918312179618,24.83754128463649
img_0199,stego,77.53761329577591,55.691851242659375,28.889718966772108
img_0200,stego,141.6599717470353,40.19033770739346,22.682380115907513
img_0201,stego,127.73743192086523,43.331492766609244,22.75973684377692
img_0202,clean,107.96065612786171,44.276868166932715,25.405423667785158
img_0203,clean,137.17714958814912,39.27426538556929,25.44297364926878
img_0204,clean,90.66120977930939,48.51249022224993,25.750537467991965
img_0205,clean,144.79119551902576,48.30124900628706,25.175488987109322
img_0206,clean,76.85436264027263,52.70281322025453,27.91585846102619
img_0207,stego,133.7460687540855,39.126273399604756,26.63867464152883
img_0208,stego,129.7174295582746,45.230576649444004,20.748941587013128
img_0209,clean,128.84800455255026,40.568548335126984,24.75207620196702
img_0210,clean,107.20529897094372,46.066256323616855,23.660261740377685
img_0211,stego,130.53846912950806,52.80023052322817,26.77199507432481
img_0212,clean,147.16656969477316,47.154628705242345,24.009220688433327
img_0213,clean,120.15400261618008,42.3399370075406,27.848033411822378
img_0214,stego,111.12183635154763,49.58024112613308,28.860845384808066
img_0215,clean,101.08098024615043,48.34440292129738,25.716594180062987
img_0216,clean,111.74982529950044,52.00690665957069,27.88322129304276
img_0217,clean,154.86306814378236,47.77683931962869,21.89155542676788
img_0218,stego,115.23779260657508,43.99110029333581,25.150152605378587
img_0219,clean,86.43986428355174,44.507687664002816,26.667069207052954
img_0220,stego,105.42663285508775,45.85125232019395,25.71577626816855
img_0221,clean,128.38805208308855,44.512526588494836,28.90686098824203
img_0222,stego,102.82457775940715,46.6575600667057,26.947348011693293
img_0223,clean,98.33082274463182,47.8219880571344,24.291726567495093
img_0224,clean,112.1568931205039,45.993844006025064,24.32656835757195
img_0225,stego,117.40636066881159,41.759784182111076,23.4049474011423
img_0226,clean,116.96278696788286,45.034771736373784,27.444546478483936
img_0227,stego,120.07448054922011,42.561491710902644,29.11474188105137
img_0228,stego,122.3947811755681,40.39902282667539,26.773526825345236
img_0229,stego,132.56653694299888,43.512926436573785,22.83676110911716
img_0230,clean,111.71701930662923,44.39114173936592,26.876922567411768
img_0231,clean,123.47418293669818,47.44236117505875,23.846996280730075
img_0232,clean,137.5793527440879,44.23300678576382,29.238330869654533
img_0233,clean,133.02106446555993,54.243837342484326,25.8002107612745
img_0234,stego,120.03741051226108,45.45473356373505,25.412051366940716
img_0235,stego,125.31622023583262,39.733749626425045,23.961803843491428
img_0236,clean,111.92962828354136,38.30326076689045,23.158615956401675
img_0237,stego,138.71467467496242,42.39657172887977,24.826171809284137
img_0238,clean,104.5992548975465,45.47832577162802,24.159294403578073
img_0239,stego,118.9875205561507,49.13079393034673,24.887951384330478
img_0240,clean,139.71645786743917,48.839634132089074,22.332134176763887
img_0241,stego,137.20062927126384,35.006170292281745,23.72259093215557
img_0242,stego,124.17132988855965,48.10265917231617,26.525161876485818
img_0243,stego,115.76238108090934,51.37244163382519,29.238527965441623
img_0244,clean,122.12208233565846,47.09773668904005,23.84891122033944
img_0245,stego,133.9644701917198,45.6328253180207,27.246509371094042
img_0246,clean,111.29253994800098,46.949341266018784,23.87013320526218
img_0247,clean,101.79294958591309,40.53703218361233,23.425635006874177
img_0248,stego,106.81026983669675,47.327758090025696,25.669515447852596
img_0249,clean,102.28695738528343,41.12464150183636,25.939409156620236
img_0250,clean,131.59463655974042,40.86942343667966,27.54180717764883
img_0251,clean,112.71302647660413,52.409339553984935,29.48457589703397
img_0252,stego,110.74175084520749,48.10778667950961,21.46499789214168
img_0253,stego,100.27338793439853,41.94032980959221,25.812273113675218
img_0254,stego,118.82966372574279,47.07604543050875,26.393226772994865
img_0255,stego,116.9389910621019,50.842292234606845,24.00321796565979
img_0256,stego,130.8159818406503,49.46632759743419,25.254626161916182
img_0257,clean,129.86060106655768,51.64963673042028,29.15661074439847
img_0258,stego,126.50898854639907,46.52937939920237,27.05704551519347
img_0259,clean,118.29631587198031,45.14472743530539,24.692109736601886
img_0260,stego,136.86679398765375,46.79158333326839,19.680257334067203
img_0261,stego,106.55879089604062,42.91263827834572,23.77148528342412
img_0262,clean,126.58865026676469,43.775293426741065,27.479686031715854
img_0263,clean,116.00798102510942,46.650306682062556,24.903277850395217
img_0264,clean,130.77652137789335,50.28010687580405,25.764927352086023
img_0265,stego,101.38331877618077,46.68233804425936,26.771012739296985
img_0266,stego,144.55750135774235,38.273564017762745,25.815252862423918
img_0267,clean,132.1922737845865,43.94179218396617,21.909829196451685
img_0268,stego,137.8190464932738,46.22498108305287,27.791673593057972
img_0269,clean,110.42059097503557,50.124112573915525,26.688983556507296
img_0270,clean,126.44906863033628,40.22874178981768,23.39223039888595
img_0271,stego,118.5405784352592,44.74800449544358,23.51455228476531
img_0272,stego,132.87330637824664,39.596511291221375,26.13951790586505
img_0273,clean,115.94969713029305,46.86570752822574,28.539253126424832
img_0274,stego,134.81254409770017,34.06620077035393,23.093458984755305
img_0275,clean,91.53390381144007,53.00492178538258,26.395381042420325
img_0276,stego,101.2937599865627,43.69820419182609,25.09570444789611
img_0277,clean,107.01154907483512,48.53813384653566,24.639620450788314
img_0278,stego,132.21278635379173,48.056407678265664,26.79536442798797
img_0279,clean,116.95857034910374,40.65722018176765,25.783348026992584
img_0280,clean,133.03640120791133,50.012442252091866,29.86169679995313
img_0281,clean,134.24537275489678,59.46889455794683,25.49446088453909
img_0282,clean,122.55717535269689,52.074533514377805,28.355863386743458
img_0283,clean,125.0759453906685,54.67989811002815,27.140311420025096
img_0284,clean,145.6106672078941,45.33564878053317,23.128340949179744
img_0285,clean,120.63622300767992,40.065497935365556,22.77325756680874
img_0286,clean,115.24792642619236,38.18366098159315,21.7888228985117
img_0287,clean,112.08223565682026,47.396031007130304,24.890006328525697
img_0288,clean,121.24654182830032,50.83138049767958,25.719239088055367
img_0289,clean,130.90978576129623,46.7292037794115,25.300773890005768
img_0290,clean,118.74463438393721,45.998880106515365,21.582320473787522
img_0291,stego,117.26371973318197,38.801948313404964,24.778960144073807
img_0292,clean,141.73180003855262,50.221397670259016,22.468030383847637
img_0293,stego,118.64656280228621,39.850966858188016,22.59323572056474
img_0294,clean,91.6453031466346,51.489989316831014,24.45884260915492
img_0295,clean,140.47622230297722,42.43654455970705,26.89011835915238
img_0296,stego,115.09237743755891,44.2835354734912,19.699341718317754
img_0297,stego,102.29373096338219,53.8269889035411,23.989690553094118
img_0298,stego,145.7474002897615,55.09529600465147,24.069151696619823
img_0299,stego,119.40572526246274,40.257393398286446,23.059706659678774
img_0300,clean,107.85473254314499,47.141303753579315,21.023638766529636
img_0301,stego,142.82921196139893,37.9127500020095,24.419792995042247
img_0302,stego,103.29649275564945,40.80492929710197,25.64592090004824
img_0303,stego,127.1176852811075,41.82475848615186,21.321611751904264
img_0304,stego,137.63074549667286,32.60114292592342,23.32711940991209
img_0305,stego,127.22739178871976,43.33514449140685,24.303373410431895
img_0306,clean,130.08607550383314,41.517564492680634,27.564858911032996
img_0307,clean,109.90021017076046,49.30296096801989,24.833629004346623
img_0308,stego,133.06151826454254,38.233988615354704,22.190892241820826
img_0309,clean,93.01742783203588,33.67338491283391,25.380581030975748
img_0310,stego,121.25419679542888,43.42101064209418,22.12505708943051
img_0311,stego,121.38732198443846,41.002251870698245,25.106725463264326
img_0312,clean,126.38793336265789,56.949926489400056,25.68669581362747
img_0313,stego,132.48124959190446,39.832663126417266,26.272929070090438
img_0314,stego,108.18317455678996,46.39530174743655,23.191614437846596
img_0315,clean,128.40438840821014,40.886656266157736,24.86025391322236
img_0316,stego,128.17063901552189,51.97666409524634,24.304134843582183
img_0317,clean,125.49235966952045,40.6168908760763,26.503186174091798
img_0318,clean,119.33395470665391,45.31648623464595,24.19453745639468
img_0319,stego,108.84724581940135,39.47205785800333,28.99154678238829
img_0320,stego,139.457715538652,43.06336392991951,25.347084684154233
img_0321,stego,97.48936460329071,47.748598085548636,25.230588042264266
img_0322,clean,111.19033156793903,41.8204786399612,25.229661106321885
img_0323,clean,116.93800447868713,49.93884218568956,23.95250795526272
img_0324,stego,130.0475551993415,48.16654270195163,26.120069456688356
img_0325,stego,116.79696914214936,49.891966204867785,22.18813125351103
img_0326,clean,112.26200611773767,43.411972027192604,24.544524053181608
img_0327,clean,131.74910534458337,47.64753590897846,31.857955423178772
img_0328,stego,142.33970125632658,47.66059688857693,24.863615993850996
img_0329,clean,105.17197453982267,45.21497834620482,26.42249198892502
img_0330,stego,121.70497756723132,47.68444554281646,24.79800601684694
img_0331,clean,121.51597351713275,49.047801376523495,21.2549738323575
img_0332,stego,119.85678325966845,39.470439116291615,31.14039918453082
img_0333,stego,113.87635103617863,44.05148575230647,25.659383193061142
img_0334,clean,122.37758161482596,44.037809950277605,25.722626741037008
img_0335,clean,110.67171787251019,51.45292730616018,26.708118408996185
img_0336,stego,131.629735307794,46.481776755550705,26.28750405399921
img_0337,stego,104.93220805997096,39.20770109517183,23.308294419680358
img_0338,clean,119.84194043161841,50.00103752544982,26.634211413455482
img_0339,clean,147.68843205711985,45.585352550577625,26.219278668222643
img_0340,stego,103.1972249320356,34.36301541728868,26.256363790571168
img_0341,clean,138.27280563184496,48.68558128391375,23.6672902896443
img_0342,stego,115.86762441374043,50.16675870591559,22.609775881900504
img_0343,stego,146.53811027827817,41.21719393295932,22.4587610611186
img_0344,stego,136.8572140771998,55.56017137958703,25.499844750469986
img_0345,stego,111.5745690480057,46.16285767210358,26.052959143468232
img_0346,clean,117.01730613507583,39.57159165956355,27.117606058882707
img_0347,stego,128.19237982788889,49.09369401548861,23.07054291176101
img_0348,stego,113.42897423962796,42.546152611888175,23.872608518452587
img_0349,clean,138.5541486956879,43.92112614376226,27.372592440482467
img_0350,clean,125.66666762841764,52.015325329322465,28.246367054279787
img_0351,clean,141.30967876628605,46.07635622705462,26.474149530495154
img_0352,clean,104.49350043471667,50.75439946720149,25.121862020925356
img_0353,clean,129.60890722081191,49.612338952761434,24.941327926893813
img_0354,clean,103.194754951835,43.73536178836416,26.011635131531882
img_0355,stego,126.63951728722238,43.57563974726612,25.01072475429884
img_0356,stego,133.79229019763306,45.94439182104342,21.86009150256474
img_0357,stego,111.82169460729563,45.86673263677455,25.217976934954915
img_0358,stego,143.82496034048057,43.39093783799065,22.63576799975234
img_0359,clean,137.1652673335139,41.19232331358924,25.409253640919065
img_0360,stego,130.66138681409095,49.78943974758167,23.93412778279299
img_0361,clean,120.40274327892845,44.44342241188276,23.254383552038806
img_0362,stego,104.45236594438101,48.08433972023033,30.56214158259856
img_0363,clean,133.72277902541327,48.96106212965781,24.519720784856425
img_0364,clean,119.18147106226888,39.67449380244455,24.19600575811819
img_0365,clean,146.54510541330828,42.84555868893113,26.267945320378473
img_0366,clean,130.77917130638724,41.64117819347178,23.949948752770204
img_0367,stego,131.50432985880974,44.431445099154416,25.370826410256896
img_0368,stego,123.17150222868526,49.60399984371873,27.517781938998013
img_0369,stego,116.83161858792475,49.21718034259173,28.572644536569396
img_0370,stego,147.10273727373016,49.24372805095861,23.546318536457576
img_0371,clean,141.30717156818005,47.923996170062246,22.266220955664238
img_0372,stego,121.81065076813861,40.48659556808448,25.204233508597458
img_0373,stego,113.45484267996336,41.673701439893854,21.98622833141864
img_0374,clean,132.37781023572848,42.61925516146318,28.16304715522002
img_0375,stego,110.48347088609762,32.69078528111158,23.220057023481576
img_0376,clean,105.09789244145409,36.1940128824026,25.520689521099857
img_0377,stego,122.26929831153235,42.909113978712014,26.099230584843045
img_0378,clean,145.25336551670443,43.60861576988631,24.932161756438706
img_0379,stego,108.98306123459336,39.89719691412691,24.483799674731358
img_0380,stego,121.27544570758927,42.68737607796223,24.361186064938146
img_0381,clean,134.43187642075534,43.6762508392983,27.34299495730537
img_0382,clean,116.03105844431288,48.47393525479928,24.384682734408184
img_0383,clean,100.4450507922875,49.4920336887634,22.391722321995978
img_0384,stego,141.23917176657477,45.63550583005081,26.323382366786337
img_0385,clean,114.38183784873843,47.637389283073645,25.139225350814264
img_0386,stego,134.2324977586976,44.85355723706527,22.92338574193677
img_0387,stego,135.06028954643202,50.74172059751436,23.7919726618938
img_0388,clean,129.8709739201832,51.38880881881744,28.098461274283814
img_0389,clean,128.24634715492195,44.258558393263925,23.331400474280493
img_0390,stego,129.2587209665907,47.69034728534247,25.337568750278827
img_0391,stego,150.07367501153874,46.25202525104618,29.68623289074234
img_0392,clean,144.91190489528344,49.10851182601551,21.674630360870843
img_0393,clean,109.69141046717871,44.35175826409543,24.182743675544554
img_0394,stego,114.50173003033487,46.547891919613214,25.072444117465782
img_0395,stego,122.42708225261904,42.970701451909534,27.71051920448094
img_0396,stego,119.11348232889674,43.38857646933005,26.98632838468956
img_0397,clean,130.67245764950735,43.343461152149274,23.657042173018286
img_0398,stego,118.68691869238664,51.845002574145525,25.338842759620686
img_0399,stego,133.12932578190842,47.15406364125873,24.85263792060311
img_0400,stego,127.99096743331648,36.07516925499946,26.365431431819957
img_0401,stego,113.19317068489823,51.47371467219715,26.925042997089694
img_0402,clean,124.15939312826906,48.516953239144286,22.713386468825504
img_0403,clean,95.05841006490343,38.20048569959169,21.908973970747077
img_0404,clean,128.00657150523966,53.87221006117525,25.643544353918738
img_0405,stego,124.07244717731864,49.4273294067828,24.545053044860943
img_0406,clean,97.71569681298878,43.30351982846423,23.28067001576577
img_0407,clean,144.1842234731928,58.409413190546005,25.089400158710312
img_0408,stego,123.69951194395324,47.51817517825913,29.29955102600202
img_0409,stego,130.05771265368125,44.06883968209225,26.170103755077378
img_0410,clean,130.06761089074945,35.796416474940784,24.071258105663052
img_0411,stego,104.4748019536083,48.078434401584154,27.077275105920894
img_0412,stego,120.87583460998331,42.60866707082454,28.88565815015986
img_0413,stego,109.90966138034278,52.47894406997474,23.66405414313602
img_0414,clean,107.71144234050112,49.56384399109294,24.71944004088829
img_0415,stego,91.9995523153201,40.236748383976916,25.79439163013014
img_0416,stego,130.01856178913707,36.51102999270847,22.477137833968765
img_0417,stego,125.96073833204808,47.61823215230987,20.87389316111658
img_0418,clean,123.83746524799949,42.373065714487,22.355803131398805
img_0419,stego,111.70538616745507,41.644762601998536,26.661544827283592
img_0420,stego,102.29978385620797,58.01827211368586,23.637550981840917
img_0421,clean,95.56682743347113,45.2897501652316,24.434649524318754
img_0422,clean,117.29975077848925,41.21096254879668,24.177989569153727
img_0423,stego,122.512109104321,51.39453839770547,26.148947323060195
img_0424,clean,80.73962014349634,42.41608298066821,23.815631264714213
img_0425,clean,102.35198641713876,43.841972210255584,26.413625279006833
img_0426,clean,107.79180154834255,50.19193074297392,28.61501607612979
img_0427,clean,108.74322033012679,46.259593731733055,27.469306481455284
img_0428,stego,119.23514608931778,47.43125248774233,25.519267809612064
img_0429,clean,149.9922943158323,51.49878909658638,25.801902755709175
img_0430,clean,131.17235212461355,43.77964900557678,25.704631086461273
img_0431,stego,132.2207568789271,45.23128397149337,24.44279235815303
img_0432,stego,129.38895681088317,43.67622772455103,23.46875027027356
img_0433,clean,104.63822279791553,43.25668597514815,25.492545283432133
img_0434,clean,106.35387747165808,48.163814307013986,23.038356301921816
img_0435,clean,123.30769696009672,49.96896114276741,24.45503336774696
img_0436,clean,105.40605073130656,44.19651660152829,23.315989029513936
img_0437,stego,121.83869421705687,46.906830088874386,27.751155751645662
img_0438,stego,122.39631415603489,34.57047668445502,23.791678041994377
img_0439,stego,123.06731656871065,45.85385022396938,27.43583807702222
img_0440,stego,118.54157038743315,47.6643327886095,27.67152612980025
img_0441,stego,136.2841935437999,55.426969124477836,24.628885400559287
img_0442,clean,118.25057449459682,40.12607332518689,28.52341749175121
img_0443,clean,123.90386055634461,43.59078491628877,22.31247083910454
img_0444,stego,113.13446779603427,50.13754211695726,23.750501230368563
img_0445,clean,122.00946590276386,48.608676043095116,24.95828033162686
img_0446,stego,132.84017543013272,43.769286964012274,22.123087102579774
img_0447,stego,145.47651538516615,44.28738769583218,22.352320931753695
img_0448,clean,116.96202098294891,40.4662858089413,25.515916018868833
img_0449,stego,119.35175993527255,41.48318853839268,24.744923989827903
img_0450,stego,115.91455996465095,39.3511002128265,25.978999761975984
img_0451,stego,138.40912060352667,41.02261489478284,23.76647382029947
img_0452,stego,94.31277217282022,49.581755779147294,25.248520408719898
img_0453,clean,101.35363430138239,49.558379707699025,24.72921848226704
img_0454,clean,102.57617248213737,41.51144507325431,24.81796436225539
img_0455,clean,139.47122396404555,50.690344502666576,27.73847690314177
img_0456,clean,97.884928199137,56.21134458228858,26.591077956324103
img_0457,stego,126.40625993298002,41.245517336307,25.271835676376025
img_0458,clean,112.29489779825066,43.79288117012298,23.321190091338607
img_0459,stego,129.44173804277222,51.78958910666407,25.586314100561975
img_0460,clean,114.21154244465468,58.67609788802797,24.70960202505866
img_0461,stego,112.32405866647798,43.13602488977581,23.45328185157194
img_0462,stego,133.30234705533755,42.0051197204465,25.151893365232738
img_0463,clean,147.9126441601259,52.86410032086508,27.194513574676144
img_0464,clean,111.85064951195608,41.709607534771,28.072366911971695
img_0465,clean,167.98744377655174,45.87254914605589,23.771356817420706
img_0466,clean,126.61759229344057,46.41836075191231,24.57640385640157
img_0467,clean,114.44395061820572,51.53397829804283,23.409766400469394
img_0468,stego,109.09246627495229,43.49735897678597,28.316625460264103
img_0469,clean,130.4972407013804,37.56643836258146,27.75011609965317
img_0470,clean,146.9831637240919,55.61470518104329,24.20732249829672
img_0471,clean,100.55832143576869,40.001535322436176,27.437419883626827
img_0472,stego,123.00326715021643,52.234288304345945,23.72216425756157
img_0473,clean,152.29879438905485,49.10375620470196,24.48754564304898
img_0474,stego,123.88387693117322,38.89931579547402,25.56654751242592
img_0475,stego,101.11775906185943,45.43623720604399,25.507006565706188
img_0476,stego,120.5176348529207,49.11600473866641,26.800749709873802
img_0477,clean,108.40782505084998,43.15805496298393,24.783878423361813
img_0478,clean,92.26617950028408,35.56587208900666,25.580499193606997
img_0479,stego,142.51301140286768,55.349267242606146,23.847042932832625
img_0480,stego,102.76027281198132,41.83285629156365,25.972674005062988
img_0481,clean,124.83898638461027,51.95536357609487,26.611070704107334
img_0482,clean,105.94435938854613,51.49431616214919,26.937570420387623
img_0483,stego,116.78377789963373,47.32937279620693,23.112295023341588
img_0484,clean,115.28431358989009,40.35222309411695,25.163689366558955
img_0485,stego,97.68429508400284,36.36525421942959,21.7327695638122
img_0486,clean,125.56857978432562,43.565294583558455,24.37495039887785
img_0487,stego,121.50598689071248,50.59607624600852,23.785499714879332
img_0488,clean,136.17438571194344,39.19240596115155,25.262390863179913
img_0489,clean,110.69506935044953,53.485103673887544,26.06120460324856
img_0490,clean,130.33663354442984,46.30510951821629,25.51240880713998
img_0491,stego,106.49914073705747,40.992318870340924,26.69627923662768
img_0492,clean,106.20279008879359,51.95821586734013,24.824722467323596
img_0493,clean,144.85550772960553,48.9613802525303,21.52406116950636
img_0494,stego,146.98936285228837,47.91320399004264,27.021764311839082
img_0495,clean,113.59642937079873,48.924165971419974,25.739291488101536
img_0496,clean,112.85867470425711,49.81896481294052,23.220613175763894
img_0497,clean,144.1420419258192,45.85106891514414,24.54781160169208
img_0498,stego,122.12724940722461,54.86739727606498,28.144249559274897
img_0499,stego,111.47311187686961,43.72072262937589,25.93485027253797
img_0500,clean,115.43580823626547,43.529142524863644,27.5718691932946
img_0501,clean,114.1851617281229,43.83819303309458,26.376902045062398
img_0502,clean,124.16803967959825,42.87813204962118,26.114467620879946
img_0503,stego,91.96700844922648,50.85004325025875,27.397175843683957
img_0504,stego,118.26791575722174,40.408959473556536,27.020519837115966
img_0505,clean,123.63255605559588,37.81066823791219,27.40958193225535
img_0506,clean,139.60433378688344,40.68621183338068,27.23935370623172
img_0507,stego,141.62458328833435,50.44215438354235,24.693478295451914
img_0508,stego,127.77730048218726,52.075169757501605,24.79694311070854
img_0509,clean,126.74308925700007,41.42153553434489,23.72024130573676
img_0510,clean,147.09754650276142,43.2403300975296,24.48668646589725
img_0511,clean,119.26345448604066,43.51180220977141,26.736277064200824
img_0512,stego,109.9382439922411,42.84185012654756,27.244077185760364
img_0513,stego,130.7697694325603,51.89840223416893,23.360735361250956
img_0514,stego,122.67891343817219,39.744448108535096,22.639305567840395
img_0515,stego,116.23229314823864,45.050484626132494,25.156758191251054
img_0516,clean,154.61452288947692,41.210424668064526,24.10636790208631
img_0517,clean,138.3097946060507,44.66622322041669,24.28428186437927
img_0518,stego,117.52961666403198,43.725866641358174,23.553482655084892
img_0519,stego,114.03441843453547,50.2909934308428,24.501124052720222
img_0520,clean,126.25306887444873,49.87136623986355,21.043496108080355
img_0521,clean,102.58483174959275,43.393166087499985,25.35882435183261
img_0522,stego,114.55722543242527,39.97325607272931,21.98071202007344
img_0523,clean,91.31799428391497,49.008324495718895,23.95248039692333
img_0524,clean,113.43253047359377,37.120357574485446,23.564859049912954
img_0525,clean,96.5757058845673,41.96233603736737,20.74660386276809
img_0526,clean,120.59496611017997,38.58752464912421,24.00571303269206
img_0527,stego,139.3818781288267,37.207569622679024,24.032098676379114
img_0528,clean,108.92240453859445,41.3352356520775,28.446861024163802
img_0529,stego,117.56142442330608,43.14775880647121,26.228127630363907
img_0530,stego,129.58970544894154,44.0688374308427,22.63711729673598
img_0531,stego,101.94281683046633,44.65333363287065,24.44358057229697
img_0532,clean,120.73915053875525,47.776890884488154,24.035382027603177
img_0533,clean,126.40959905146555,46.050131930879644,27.14908307406416
img_0534,clean,118.57795373780642,49.42846542055224,26.255692893483772
img_0535,clean,130.2295159130379,44.34336232275918,28.828722390494335
img_0536,stego,115.69375606005998,40.18892644758772,26.188331684718264
img_0537,clean,110.91610497071181,47.765447489453656,23.700105775989243
img_0538,stego,88.41130586567,52.81759516684849,25.61033286620341
img_0539,stego,132.23773798678508,46.52529356111198,23.950616164926988
img_0540,stego,118.33331190897763,38.80487378420903,25.21867300289401
img_0541,clean,102.5735961352102,45.102821955313736,27.11249361429963
img_0542,stego,149.02311441161248,43.59886031424517,27.66674559439519
img_0543,stego,109.27556914463355,50.96986447016854,24.84630113058014
img_0544,stego,106.3021712252461,45.163271951065994,24.30253636467798
img_0545,clean,108.12466870680771,36.04900972511993,25.02093956522996
img_0546,stego,135.01313687148237,36.80466495701573,26.83881274284475
img_0547,clean,136.0239081857538,41.868857684691875,26.26453388324641
img_0548,clean,111.77253006389854,57.01128256150417,30.075571598946702
img_0549,stego,149.81318435068255,47.39310614316142,24.437637088574586
img_0550,stego,118.84421443609627,42.27330949546892,28.28639462805919
img_0551,clean,142.5652820551213,49.52688631758231,25.853051360350655
img_0552,clean,118.7616728727274,47.53173740845557,25.359210599469534
img_0553,stego,115.38880286247345,36.944331310082234,23.969010844256548
img_0554,clean,128.22684276036978,52.77437705297464,19.33905538738081
img_0555,clean,103.41552383734934,48.42483415620769,25.094954370937838
img_0556,clean,138.7450816827409,51.37782277596297,24.525299417014182
img_0557,clean,125.47052848637786,41.83436905984418,24.071533534575416
img_0558,clean,84.31858320524827,52.600809240715755,21.80884937719214
img_0559,clean,119.23717034040395,48.733320902934146,26.008532483745082
img_0560,stego,120.56804759481446,52.80128885589223,26.207265740065825
img_0561,clean,116.1962173165802,43.783462741366066,25.43068107766689
img_0562,stego,130.077860746073,51.15523072469279,23.041467632756735
img_0563,stego,129.53351413720262,46.46987449973553,25.04913443008804
img_0564,clean,91.58739102641702,46.979518590574216,24.834643597828368
img_0565,clean,126.61317866211299,41.691232522215266,26.154074829693325
img_0566,stego,126.95011606570182,41.55818922230284,26.20119220220228
img_0567,clean,121.92316438457038,55.2923918290412,21.11972572657582
img_0568,clean,109.24871970794707,46.85625115226394,26.96811026769848
img_0569,stego,105.89810684146728,39.41020588080598,21.814340803199425
img_0570,stego,107.02889418525157,48.93040796925404,24.189284888066904
img_0571,stego,103.45124844182334,40.48216484375953,23.055573571776765
img_0572,clean,127.9316929586663,42.759787094173845,27.918583015326718
img_0573,clean,110.08715696360483,54.366795229262706,23.99938878116883
img_0574,stego,125.6268169978846,42.18696895334612,25.120671141882326
img_0575,stego,126.86983614289369,48.825699803428556,28.145806723381746
img_0576,stego,131.6032212882053,40.941388396403795,23.949906866573833
img_0577,clean,135.63145956491272,42.73527973019485,25.374706983057948
img_0578,stego,129.2476467444389,40.74167857962523,22.239119151492808
img_0579,clean,107.61432872444149,56.80845374954481,23.734486342844914
img_0580,stego,123.71693692360147,47.57493831412133,22.77384693395607
img_0581,stego,125.27533928566493,57.53511185827659,22.970482258137725
img_0582,stego,99.25110955060802,33.294013988696406,25.80146142751569
img_0583,stego,124.24212842738471,43.03694839398668,22.79278357743634
img_0584,clean,133.95098879733877,34.652139980364595,26.798925143033944
img_0585,clean,129.6369434246882,49.11640762385694,24.30955527452371
img_0586,stego,112.58692371098562,49.93481068163511,23.717754305885034
img_0587,stego,126.87503798424144,41.58480276163034,28.758581451419317
img_0588,clean,144.00939630483327,46.110323639626145,25.536972572565652
img_0589,stego,135.38260886194527,47.282233137517075,25.04370304944154
img_0590,stego,127.57761614148737,48.24539750948942,23.862655426183395
img_0591,clean,135.35172931595855,43.02620277613753,23.440789091695027
img_0592,clean,106.56717230858328,40.38557997326293,23.789741025026235
img_0593,stego,124.47216321088145,41.117375992106304,24.568015566041307
img_0594,stego,121.64964400311774,45.547588896708646,21.828882546253368
img_0595,clean,122.74777976546936,45.09534108012736,29.949982086480766
img_0596,clean,136.45011708059576,49.36051130653777,25.82401736209454
img_0597,clean,109.81838410282876,37.356439494097685,25.936063772920022
img_0598,clean,111.85074039322463,54.16101134182575,23.679281093195453
img_0599,stego,139.21896668902355,43.53836411671907,26.65481598727599
img_0600,clean,112.68569207495798,42.01231193277401,24.55704966401502
img_0601,stego,119.04642792208683,45.187228666675736,23.383140643548515
img_0602,stego,86.63923176627526,49.21788735770398,23.673773194909327
img_0603,stego,135.56360662947358,51.64433692468373,23.243090514408536
img_0604,clean,131.89353930986854,44.638791453516994,26.338771158911424
img_0605,clean,114.9652717097534,45.01623942659086,24.335298973994696
img_0606,stego,117.6668009753556,45.812198897699595,26.64842951075092
img_0607,stego,104.24507098306671,46.01098025873798,26.15535145820375
img_0608,clean,116.10572505990832,41.30503538069699,23.11317758454549
img_0609,clean,144.7594748785938,44.2684362191221,18.111751023305775
img_0610,stego,127.79245192495996,44.782854085045535,27.54771199183503
img_0611,clean,82.26911465147745,52.697505971662174,25.786334254116408
img_0612,clean,112.88109065028038,47.435073933841835,23.53338077272064
img_0613,clean,125.4847693625073,44.556708428691394,23.389470086840724
img_0614,clean,87.96819887850475,47.43465274989473,25.18678180657034
img_0615,clean,114.19015683250997,48.3075962614089,23.641461809728128
img_0616,clean,106.26109493414876,48.27896806301709,22.30616653795721
img_0617,clean,114.94961311744969,39.71467520739947,26.31156476502875
img_0618,stego,120.84813154127087,46.75790825966884,24.00339489717694
img_0619,clean,134.14708690359438,45.49329914972735,24.65349991344762
img_0620,stego,112.97604495152876,40.42233600906498,23.709059574204872
img_0621,stego,131.57097017445042,47.461225888635546,25.118552831543496
img_0622,stego,115.47742061284866,44.81127802080418,24.063353051652122
img_0623,stego,110.04711269056904,54.94666108457861,26.034954162302014
img_0624,stego,124.07220885491175,50.794863486176894,26.78628039387137
img_0625,clean,111.33791106631678,47.43664166274828,25.235081489676965
img_0626,clean,106.20990890837128,53.5993806662081,25.526353155505177
img_0627,clean,143.41920775859322,37.83815486008338,23.94808825701498
img_0628,clean,130.9144700435563,46.86839069088429,24.089640421774167
img_0629,clean,130.75559861317038,40.13434466343162,25.090636316363494
img_0630,stego,107.37792850650901,44.216093901122385,28.964975624786423
img_0631,clean,106.28007249012668,48.082807464884795,26.33242716721823
img_0632,clean,122.99653043744429,38.040273060563486,25.4907073574968
img_0633,clean,132.93436676802781,54.21146110193228,24.848751465580047
img_0634,clean,136.0483924882334,44.6365593020256,24.40602921104177
img_0635,clean,133.19874772037363,44.26576687856291,25.31283720244541
img_0636,clean,113.78457824148522,42.56154390675202,24.280175967135744
img_0637,clean,140.94801917208375,36.189800488810505,24.799943768349895
img_0638,clean,113.30166418455092,40.91202056277613,24.768136136728142
img_0639,stego,83.83110067566334,45.907296305651656,27.531816193759926
img_0640,stego,122.96174120180677,46.6080190626259,22.07214252929538
img_0641,stego,99.924425833684,53.00072613792326,21.160890537761773
img_0642,stego,106.60537132919032,44.28734619740062,23.677375505674494
img_0643,stego,138.3090402184386,45.68009749916985,23.465473754418024
img_0644,stego,126.34068639266609,39.88732555586959,22.800057659524242
img_0645,stego,146.09689286577068,46.80451706402012,26.49736020323482
img_0646,clean,98.32426776855229,53.14650089449671,30.440271414042243
img_0647,clean,120.69586731257303,40.58083396962775,24.328955151823667
img_0648,stego,126.37198677027094,38.9859181131609,23.4089575715885
img_0649,clean,142.69148893227361,44.38848374080034,22.997557150852405
img_0650,clean,140.41231837918562,43.10496567001203,25.76538031866306
img_0651,stego,111.05490089999628,40.57823704374582,24.343439137739292
img_0652,clean,109.93260015719719,53.25173398681846,25.799686713047763
img_0653,stego,137.35887115250145,34.039731933632225,26.653803968963466
img_0654,stego,120.92540699787071,40.140268046882845,27.056259699689253
img_0655,clean,112.97044250897842,50.32825778597278,26.155339282670123
img_0656,stego,93.3722152150412,37.65931336226237,27.808298201959953
img_0657,stego,135.5780481305192,45.40835325018584,21.873997533552412
img_0658,stego,117.98724322909423,46.505063087722434,25.71447466571653
img_0659,clean,132.42356039852618,49.025130059297354,27.14346521892411
img_0660,stego,119.35811423564415,47.86922671715221,26.02432781167837
img_0661,stego,116.57475633713905,48.92796963624092,26.472069615989447
img_0662,stego,90.10029060849479,45.62956338878919,25.792645541573346
img_0663,stego,131.96057980438607,48.19211972039251,23.151048335054078
img_0664,clean,114.170114436997,42.12137465713583,23.892639304329254
img_0665,stego,127.53875686632455,39.24813216343754,22.829890134996507
img_0666,stego,119.99043114390102,43.9902313837862,26.621584402195616
img_0667,clean,111.39346972146262,45.832146896522495,25.98982896777718
img_0668,stego,143.70585598223306,45.666255865017646,23.41706929721012
img_0669,stego,135.20659438510629,49.7352327762321,27.071932837698967
img_0670,stego,121.27652110340094,39.21959395906077,26.672371872866663
img_0671,clean,124.11114825134597,35.63166979025169,25.831288077454353
img_0672,clean,96.552883819453,42.59918754372971,23.9663758443482
img_0673,stego,106.54485054278344,47.543078679055185,23.74684983322668
img_0674,clean,106.3963699927799,48.52095909432458,27.05445023211605
img_0675,clean,112.08142079591535,38.53646983140249,24.086545342653938
img_0676,stego,123.37552425779951,51.996411651294984,23.93460230342595
img_0677,clean,135.28414168331972,48.37138963722506,28.296163141582635
img_0678,stego,129.9091583036368,40.95014561484111,25.20838301840251
img_0679,clean,115.1105929608502,45.046763554660295,25.13749876915995
img_0680,stego,127.58105094224685,39.90009068805752,20.59601313047667
img_0681,clean,129.10639967100178,49.86531486068206,28.198012574483695
img_0682,stego,120.47061828411604,43.07464302357192,23.9145239174425
img_0683,clean,124.35436205898887,32.578558388917024,26.157132069937504
img_0684,stego,96.95084518656766,45.07038850026255,23.92447652371635
img_0685,clean,131.292917934195,46.052431351767844,23.593203813089392
img_0686,stego,127.19760289727229,53.632443749901704,24.565980887751167
img_0687,stego,122.5493973005339,49.18730718068474,23.131263705118005
img_0688,stego,123.1631771820472,46.18631376597533,25.009143278705643
img_0689,stego,139.12027645360985,40.93744400308773,22.084228891405687
img_0690,stego,153.26369164039434,48.45670279522523,25.12532046468454
img_0691,clean,124.95737845579657,46.990225157086364,25.399966271166214
img_0692,clean,133.01856756609777,42.66637698195471,22.1545243088484
img_0693,stego,109.56651580659893,42.84644123775718,25.863822932765054
img_0694,stego,128.14557409627645,43.80418029778866,25.027241109008557
img_0695,clean,91.16992085708503,36.7326922859168,27.10419142237966
img_0696,stego,117.64551230355428,43.648791734645435,28.32834971919164
img_0697,clean,121.70185061569758,50.68945628026912,26.513972682343134
img_0698,clean,115.18522789784967,47.34858495975616,25.73039683359211
img_0699,clean,116.82941410135254,47.10223373523584,19.177297573495817
img_0700,stego,112.95925984429438,41.44320699568015,21.573265820200195
img_0701,stego,118.7533285122389,51.20752987093953,20.84485851081867
img_0702,clean,117.64393370298498,42.41132920630054,26.141880297288203
img_0703,stego,134.87072419409398,37.952691680378294,26.033555056081294
img_0704,clean,107.1224357838203,40.294530767008474,22.697461093962428
img_0705,stego,134.47735979787294,44.08876040501839,26.330251899180784
img_0706,stego,98.66253342418483,46.98280286823679,26.030378620457924
img_0707,clean,112.15375667538515,46.142877856476765,27.958151480128716
img_0708,stego,127.91699622291833,42.777489309724714,23.851940008492374
img_0709,clean,109.48784348999952,49.739813890600885,28.08477773194739
img_0710,stego,96.5299537915407,52.54843838838727,21.496989762981386
img_0711,stego,121.59418590590795,50.362741994767184,26.936760931304928
img_0712,stego,144.6259832188157,45.19824499774925,26.41608292291675
img_0713,clean,102.8744294264941,42.97197054592371,23.942223693197693
img_0714,stego,139.9705468533044,45.40938003726841,27.01899695755631
img_0715,clean,119.37673405562869,40.661346194624656,29.124474645694953
img_0716,stego,126.29909780319944,47.69631415533071,28.615911633512766
img_0717,clean,125.71059502312602,50.92618271891151,27.519629639807913
img_0718,stego,124.7220269966777,40.71222949424253,23.11637584952327
img_0719,stego,105.56328109947347,53.265610434122806,27.346356777460993
img_0720,clean,112.43972992573674,44.33329129023111,22.35385374871735
img_0721,clean,110.17980323566375,44.060867842641834,20.406972886681835
img_0722,stego,101.18306587178338,42.99287072967102,28.225357770236304
img_0723,stego,99.84788053319762,45.35587889928631,23.4475138738362
img_0724,clean,101.15987079144055,41.294741676247085,26.482284329316837
img_0725,stego,110.15541677778464,45.574252398027966,21.084244034741882
img_0726,stego,64.804015884978,54.89787059753358,23.838549504735596
img_0727,clean,116.05749050378381,45.813091710087726,28.47550540678986
img_0728,stego,118.22567411993494,46.98338619970524,23.17244145741939
img_0729,stego,100.46683931993314,47.470440943997026,27.085629832552236
img_0730,clean,111.49977622204304,33.7563188183717,25.835628413213545
img_0731,clean,130.62750141098223,53.58782705442934,22.70046305790167
img_0732,clean,99.60707036684008,39.33042972331616,23.97957984613685
img_0733,clean,101.00910856527219,44.92359342336614,21.96304626751251
img_0734,stego,131.6032798104319,49.85929737652741,23.023840995114174
img_0735,stego,105.34759643709158,45.301983550496885,26.369675568738153
img_0736,stego,100.64044359352444,45.588009699749904,24.520910194065358
img_0737,clean,103.38076586887121,47.26968539222118,22.377180915142546
img_0738,clean,139.6072818699323,48.03966355050948,24.711361248204042
img_0739,clean,156.08283130417345,37.10119329354407,23.247882916968507
img_0740,stego,136.82837052193483,36.18323121308553,22.322387754008346
img_0741,clean,114.51155454190454,49.07598858473091,21.77404512445002
img_0742,clean,109.56770944034352,46.62864205770176,29.078871405279507
img_0743,stego,107.81354369806682,49.79753762028413,28.63319298420387
img_0744,stego,114.69377088953773,43.536154271601674,22.64723620245089
img_0745,stego,112.62499343272702,45.236009907983366,26.680805677217613
img_0746,clean,112.78689426591176,38.77716828132076,27.85101686558868
img_0747,clean,119.15549087035994,42.97400880272858,22.58266779975824
img_0748,stego,142.44298593083474,51.465317109692464,24.46254659957286
img_0749,clean,132.26509834886915,50.18299910089783,25.927630521003447
img_0750,stego,136.89069288030825,48.23843086493484,25.826749915989474
img_0751,clean,121.04726103361733,49.09900151345362,25.551621226616856
img_0752,clean,111.35509433278963,44.86853661513759,23.478535861995297
img_0753,clean,132.6474160359807,43.84344312489739,24.566107458893608
img_0754,stego,111.7869032461697,43.97865881712096,24.598841556694236
img_0755,clean,127.80264513180462,35.164513097496304,27.418572617014718
img_0756,stego,90.89140424465894,48.099852624673815,26.621462168887426
img_0757,clean,109.49265394541136,43.63936128694331,22.817517615847333
img_0758,stego,116.31939629578281,37.171975329418515,21.800886700093187
img_0759,clean,120.4258441031118,52.37595946865631,26.134243568217066
img_0760,stego,139.27570479656592,48.92079880685455,29.866889546512443
img_0761,stego,96.16205418470143,42.51018146048332,22.430872516261903
img_0762,stego,123.28471849920211,49.27867136561748,24.558408622939876
img_0763,stego,113.37440078139912,40.800637078072135,27.990301633457427
img_0764,stego,99.65627789324174,39.64104497529283,24.17904110408306
img_0765,stego,108.74607585147758,49.1027540016155,20.4169189915076
img_0766,clean,131.31085055488396,41.204479308643776,23.051353161889573
img_0767,clean,109.19693435381802,40.67039801331211,25.712473031286194
img_0768,stego,113.4004767980644,50.22684583819277,23.38723893577779
img_0769,stego,152.75003803936724,46.156213653113404,22.490972523445162
img_0770,clean,99.31771277259982,58.880553390817006,25.997092520340033
img_0771,clean,90.76789131011718,44.473993598586034,23.91024119379136
img_0772,clean,105.0226739504252,48.07653413208,26.958791339229492
img_0773,stego,134.35123671915278,47.03631201771634,23.679239433600365
img_0774,stego,112.94075773173603,49.656430539796986,27.488148446530957
img_0775,stego,109.22199589476526,51.74281716795214,25.676218191172136
img_0776,stego,128.58447205361415,55.89265914767886,25.09670019186513
img_0777,stego,96.2746683750036,49.640808888464406,27.654907351269415
img_0778,stego,103.63917167189256,45.78643656092548,25.28736998850186
img_0779,clean,108.84675756746006,44.2142968634789,24.877839504541484
img_0780,clean,135.50617886792327,43.7481836239335,24.231463610946424
img_0781,clean,124.66322326661802,43.048604517322026,25.972454394742474
img_0782,clean,114.68892982748903,51.28704615512274,24.558821347050152
img_0783,stego,129.1629535239511,40.449260352734235,24.962286637421442
img_0784,clean,115.65353913679587,49.74865615401842,23.148237920625167
img_0785,clean,128.53579231948163,56.251612723304746,30.575113411374772
img_0786,clean,115.96179177038063,42.06593505223959,26.583599161213886
img_0787,stego,126.44010244716841,41.44993266071582,24.260863922069085
img_0788,stego,134.36672810867586,47.0170376449022,24.83245978072486
img_0789,clean,129.93756614919437,53.31610748285999,23.762277051438215
img_0790,stego,111.85763007161196,41.73415407527302,27.952625863199128
img_0791,clean,116.63214767508343,41.94056774929668,22.650421493330448
img_0792,stego,112.40110260972723,47.05979833408645,24.832225714490768
img_0793,stego,116.03415410032926,49.4492287172716,24.325510474034342
img_0794,stego,115.45461907955767,49.081623356924766,28.445630862204066
img_0795,stego,114.38937620036575,53.60495251539915,26.32681840994072
img_0796,stego,120.40426570553902,46.3982384634629,25.8489256439772
img_0797,clean,117.50578794117169,43.78642753766412,28.04572862694819
img_0798,clean,101.86192137820746,50.53625035125107,26.261934870001866
img_0799,clean,137.6817075118031,52.770416350364144,25.09057982172476
img_0800,clean,110.77194354478699,45.998240562978076,27.010190256920897
img_0801,clean,110.24112815945944,48.65818572291366,27.046145402099725
img_0802,clean,132.77480804213042,50.98486036285456,26.52583771513646
img_0803,stego,135.11590493573877,41.403683736008176,27.720214835461935
img_0804,clean,118.93572172107086,40.850424469888445,24.270799651119486
img_0805,stego,122.76485040082304,48.03142639023754,26.300052802386734
img_0806,stego,128.27136543910254,50.021660611751,27.17350118603798
img_0807,stego,116.6267039221041,45.93598558302545,26.699044310000172
img_0808,stego,132.2950792066841,39.481254242210476,23.829923633047013
img_0809,stego,138.9195446083872,42.47863290741765,26.32999049623079
img_0810,stego,131.46162935495988,48.65721848789408,29.603430115151713
img_0811,stego,138.6489926505159,40.17164549824003,22.530518046573242
img_0812,clean,115.85983891571126,44.30916892795786,24.537614505300578
img_0813,clean,105.59463072405251,44.57087858938055,27.057520537128234
img_0814,clean,111.88883644713256,53.89798995438854,26.359592084177176
img_0815,clean,114.52033704887869,46.200738296464365,23.36590577978162
img_0816,stego,108.1209858056891,47.30592655984118,25.08449524920693
img_0817,clean,149.96484872115005,48.838271283057125,25.89299958371981
img_0818,clean,111.52699885635582,40.77396883169914,22.449333567060798
img_0819,clean,125.21588805703097,40.053217009349304,28.131865045096387
img_0820,stego,129.9989324870376,44.2788497317576,28.010650297346544
img_0821,stego,139.3132625153879,38.34810415105351,25.43153946908341
img_0822,clean,96.3220828509088,42.82064756368958,26.652293237607388
img_0823,stego,107.45635087174762,39.227100008540525,25.75909475662885
img_0824,clean,112.27447270587294,39.89182664343558,29.078451216562158
img_0825,clean,98.70883247897632,49.94085818972174,22.50888338663636
img_0826,clean,138.83946892653205,42.04730461910741,23.57286095508618
img_0827,stego,131.9817477220893,40.03384400224725,27.53847880525186
img_0828,clean,124.39164068037154,40.927905408463715,24.19768106789471
img_0829,clean,118.31411131162021,48.341512259785375,27.404180849515008
img_0830,clean,93.48058765035645,46.12250865963779,22.016802100445283
img_0831,clean,123.23603747904076,52.4252137623176,24.395247395168465
img_0832,clean,147.67344779345981,46.31454268615219,27.511401859554383
img_0833,stego,133.6468542898458,57.76782938138593,27.77805029821805
img_0834,clean,121.54636196629937,42.45563042430001,23.74298242354217
img_0835,clean,154.0619083724276,43.31077270142365,26.330151323449346
img_0836,clean,101.0292026457015,45.52325742395271,28.229448062595786
img_0837,clean,110.17327544880821,35.82932490176728,26.106151766648967
img_0838,clean,113.4379540111807,39.818312723916705,25.060297211361817
img_0839,stego,130.9106763889731,47.69587335028962,25.784015624339823
img_0840,stego,131.99809899861705,48.2195069424909,24.63307688309439
img_0841,clean,118.455805842112,46.61399401483739,23.55930965311392
img_0842,clean,122.99803563959023,47.46657089984419,23.15368525549476
img_0843,clean,110.7651783032776,35.47148899649394,23.097859694426326
img_0844,clean,118.38895283977817,39.77777338567797,27.024208274374804
img_0845,stego,146.90208021626214,40.72671468249353,26.869786091888106
img_0846,clean,103.15865720852975,43.87605862036849,21.96748780078388
img_0847,stego,101.76202930435441,44.41163040615769,24.619177581555952
img_0848,clean,109.63442712114681,34.734039457155326,27.37940305076889
img_0849,clean,111.41793405486582,40.85188710692711,25.09359382275203
img_0850,stego,121.99781099641696,44.15715805813034,24.87928061278862
img_0851,clean,106.55814748182618,44.10984718977866,22.201447654949444
img_0852,stego,112.565904927377,51.07793057604801,22.058828829889034
img_0853,stego,122.9911295793652,42.69662438264195,26.774820885682978
img_0854,stego,126.86654407075304,42.55587110998077,23.289253670652162
img_0855,clean,105.00440695285373,40.29294632613174,23.942673434125815
img_0856,clean,89.12638197706389,45.29722039006805,27.516371683547046
img_0857,clean,109.53447032011312,43.9556158673413,23.523535932070654
img_0858,stego,132.16698513961245,50.619723110161004,25.066267458680887
img_0859,clean,147.78523482140187,48.61215891427293,23.52897383358159
img_0860,clean,123.31315632281394,38.944266627539676,27.589130287620748
img_0861,clean,122.79422053617853,44.66637524124301,26.38760966663333
img_0862,stego,141.4573531094395,45.64264011540573,25.809528692328048
img_0863,stego,119.34079810746785,40.51462979660117,25.061874325102856
img_0864,clean,157.07685360647864,49.88464166947947,26.14939362105566
img_0865,clean,129.1021462263339,42.71623735382048,24.162794074506927
img_0866,stego,109.14917903756321,50.14704888747031,25.57892598974381
img_0867,stego,118.6597577514818,52.91166415681774,23.078303923629257
img_0868,stego,116.8800462657792,48.83404707606782,24.556022466032726
img_0869,stego,137.32192622411142,46.9257241762769,22.447914311969402
img_0870,stego,114.16483013032322,47.233818983244916,22.278233151082357
img_0871,stego,121.14146631592948,45.16666081438637,20.97333599332298
img_0872,clean,108.31678484178427,53.68953029716299,25.170788461308888
img_0873,clean,88.35906041939711,42.51984375974572,27.45142336831726
img_0874,stego,123.26586130782808,42.24819833289935,22.939463162043843
img_0875,clean,97.53998893213625,35.003231670369864,24.350155277252963
img_0876,clean,139.9718576266925,51.912481494871614,22.280750141437746
img_0877,clean,128.53569548510757,41.97158094457351,20.55144529661122
img_0878,clean,113.61501883692708,47.22689955644032,21.815964771395496
img_0879,stego,111.86083315927704,38.28625060033865,24.633465090803078
img_0880,stego,124.13133316771679,40.03506112791767,26.58614066885173
img_0881,stego,119.92196288062321,48.50227166221386,24.117327397688815
img_0882,clean,123.20576204081065,39.48459468595169,26.34900661678584
img_0883,clean,117.88704415784457,44.957359304180486,27.348273661218883
img_0884,stego,136.2091446913191,32.77530916773127,26.17066195656438
img_0885,clean,136.45432783805782,42.31379416477251,23.307396254253423
img_0886,clean,115.33160872555064,52.17574916255589,29.29077578233973
img_0887,stego,112.13055390582375,41.03166158835602,26.52973719908877
img_0888,clean,120.59344150214086,48.77603523777619,21.0848753486547
img_0889,clean,167.81756627514542,43.24622673850394,26.646393784758885
img_0890,stego,114.70878149757792,52.73735603281435,27.216643922574182
img_0891,stego,94.70808257136888,39.66445643176413,22.900838238675316
img_0892,clean,107.60041851725417,46.18526557260226,21.54199960124537
img_0893,stego,114.45927423988587,51.42486982515224,25.07666802879945
img_0894,clean,118.84857443090145,44.462107397983225,26.660560561316977
img_0895,clean,117.17611593990327,44.83976746501888,24.838996378278885
img_0896,stego,111.44415278486787,44.2431768192319,24.54830656910723
img_0897,stego,95.97089031270126,45.82527736119308,22.943413079980488
img_0898,clean,131.30284552412033,51.424764663023836,20.05193045721883
img_0899,stego,116.71593162471314,46.385762437050325,23.675734560453883
img_0900,clean,113.20991903806453,41.269659949918235,22.068542984335235
img_0901,clean,123.24916637393927,46.93008273422588,24.761763921326843
img_0902,stego,121.3551530231892,44.62730180474928,27.310236553119843
img_0903,stego,124.13398428726657,38.51065234239967,26.96011144661277
img_0904,clean,102.37424451940993,45.46265219002748,30.739933363809897
img_0905,stego,124.59662687482974,33.2465587785253,21.49564865180995
img_0906,stego,105.4501128766856,39.1971644351153,27.241766207263773
img_0907,stego,104.60364074475352,35.39508047994927,24.323742060765948
img_0908,stego,145.68894100026435,45.33712976012117,28.24061500154029
img_0909,stego,142.75180142617666,44.907847666638965,26.023438125781105
img_0910,stego,115.09071953115972,43.31844233819478,27.77366051283137
img_0911,clean,110.43698704943944,37.22012585669998,22.811830925009318
img_0912,clean,120.47197676118942,39.650086594470004,27.57646034182101
img_0913,stego,117.53421199570197,56.790477384677615,23.179296570984633
img_0914,clean,150.82185239535391,48.050601133145406,20.910358872386784
img_0915,stego,108.24154827135922,43.119224587188505,23.291290033972796
img_0916,clean,114.28934072157983,44.2756099799925,23.029894685706182
img_0917,stego,99.8035396944037,48.275835431236544,23.369942068750305
img_0918,stego,154.28913621558297,40.32329862965401,27.250285048174394
img_0919,clean,127.81761036342327,47.99371833109248,25.417140979858225
img_0920,clean,103.56121798186604,37.0853762372136,23.95106311782375
img_0921,stego,139.09097552930854,47.504509433982825,24.12164359229638
img_0922,clean,109.52707677345829,46.8575439416365,29.14922074084686
img_0923,clean,110.46453029704243,41.05861666836592,23.369326838177958
img_0924,clean,142.57190002222583,41.82804723293078,26.15026286036609
img_0925,clean,114.40531180654008,31.766109200085157,25.549825926215593
img_0926,clean,125.43587927675861,48.7574809805035,26.33197079437044
img_0927,stego,117.67555167153623,40.77256055049524,19.737859114060583
img_0928,stego,95.92750554896747,43.42329473256866,25.924006985526923
img_0929,stego,99.70372130270059,43.28970172198194,22.64944413964573
img_0930,clean,120.5045446080684,46.10931625498,25.403200399888217
img_0931,stego,119.75756194496826,43.67307223527443,23.82090566611669
img_0932,clean,112.14050174442859,47.2005202880371,26.878900576242117
img_0933,clean,135.39307719090226,43.28181643587823,27.411314057064345
img_0934,stego,139.5527970713397,59.227025307671475,22.264706402374454
img_0935,stego,113.93471593506528,43.901614116481454,25.989355952877997
img_0936,clean,126.43152036777698,39.173633071009824,27.779811421451747
img_0937,stego,104.24885811176593,48.95628374873329,21.48444661649019
img_0938,clean,87.28637308817349,41.720850392309906,26.967517784463077
img_0939,stego,146.8920181561212,47.668179027691856,25.60607443129327
img_0940,clean,117.72784783050798,48.52276324762821,26.38487406670955
img_0941,stego,126.52004204180265,56.11323754181744,25.733286956892044
img_0942,stego,103.16054602318738,36.84841322803946,27.571112667419115
img_0943,stego,121.01744460542649,51.4490232205378,23.712843186231016
img_0944,stego,154.07993394506383,45.07861199032379,25.729678060812045
img_0945,stego,101.33497894438469,40.788187805239275,22.11673718950015
img_0946,clean,114.245709845981,42.18675823725911,23.953379201643898
img_0947,stego,105.93884020093157,49.22209482349701,22.699517763319655
img_0948,clean,100.63146203096929,46.33461045973736,23.345941754022103
img_0949,clean,89.91892494956082,40.00769006878136,20.622409983845706
img_0950,clean,140.95797983318337,50.78974469962076,24.892977124293377
img_0951,clean,104.2387135198081,49.54275822225333,24.063037608200187
img_0952,clean,122.43314560967113,41.59977228094279,23.17128727795761
img_0953,clean,99.51460871869774,46.868888487436905,24.84331705804123
img_0954,stego,110.15171635927233,40.30391931549465,28.517120458051274
img_0955,clean,156.43745919126906,51.497531589544906,25.742182600444018
img_0956,stego,116.46424807551492,36.914543527398585,28.777296760842244
img_0957,clean,127.35364696231953,37.03024749802043,24.13831301269182
img_0958,clean,121.35302999878594,45.42348544405484,23.489730365706624
img_0959,stego,125.16331752083235,43.77200894794702,26.70386194038005
img_0960,clean,95.95293922820174,50.85479849147157,23.125552439103792
img_0961,stego,119.027911584567,48.96810472139333,24.863704200357898
img_0962,clean,130.80908627185624,56.794667283657745,22.68559145648476
img_0963,stego,122.13875931271949,35.25987104050978,21.874621442499343
img_0964,stego,105.11096880624497,40.1932079276913,24.145753008690683
img_0965,stego,146.05795789672027,43.56705449766332,25.026129533485715
img_0966,clean,113.42044209219203,46.052954944971944,24.429558300412978
img_0967,stego,127.28315542609306,45.00605669076394,23.064087494847332
img_0968,clean,111.60807952581838,44.31637383342405,25.18033680174676
img_0969,clean,114.34468290220646,41.4180879019066,23.16705981883475
img_0970,clean,121.83338013499075,47.692953011725876,22.82311621572541
img_0971,stego,117.88356213815203,47.50192112385559,27.63606676238233
img_0972,clean,121.08710273137768,43.91653251672785,24.460072867778884
img_0973,stego,140.22333033591752,40.39469700493444,23.62786622505012
img_0974,clean,123.28872560374829,48.25894867616444,25.922890039741656
img_0975,stego,118.77507226734845,49.602065219537984,26.748360379799887
img_0976,stego,99.19651392893593,42.5131227683091,25.788543101704832
img_0977,stego,101.98090556021643,48.648357919156346,23.080560293882865
img_0978,stego,118.04192320329618,47.007419774204145,22.980629178276413
img_0979,clean,106.16142605042646,43.008502891809925,24.40171202112215
img_0980,stego,135.00838445104878,39.20617810824434,26.11636001519022
img_0981,clean,129.15345484237076,42.13817694943958,24.82808152736552
img_0982,stego,122.25407551679342,48.42691431384318,28.839716069339055
img_0983,clean,115.02193354307218,50.7974882131578,24.058385879649222
img_0984,stego,93.87861619447898,52.66189669884774,22.54675114910016
img_0985,stego,122.40311676848823,50.16942178365271,28.50783591474203
img_0986,clean,91.31232060253133,47.85442019806447,26.57498008856193
img_0987,stego,123.35439995246657,49.454983791983004,23.40424511435339
img_0988,clean,145.0536130741297,38.8309282500056,26.495818885335936
img_0989,clean,130.48956306221714,41.56624746943528,27.528609466225916
img_0990,stego,86.22696900465061,46.67972773643909,24.691843008421255
img_0991,clean,120.97616909055975,48.05571360426286,25.09622929910327
img_0992,clean,91.958732341177,47.759646560745075,24.853668184845322
img_0993,clean,114.09135952760673,37.51642446134028,25.292585782429878
img_0994,clean,129.58204655913343,46.66091567756822,22.77080302111833
img_0995,clean,113.02794100173088,51.80834220263965,24.29586322192532
img_0996,stego,124.00130740758762,47.57415677020852,23.30906090883351
img_0997,stego,133.65775738527043,46.761350111707436,24.330843421175658
img_0998,clean,126.7550982638374,46.67711239682079,28.08984671283739
img_0999,stego,152.04280285362577,44.339661223998434,26.561614513704697
